Search terms,Total Traffic Share,Organic,Paid,Volume,CPC,westpac.com.au,commbank.com.au,nab.com.au,anz.com.au,stgeorge.com.au
coronavirus sme guarantee scheme,0.01%,100.00%,0.00%,,,58.15%,9.77%,32.08%,,
coronavirus pic,0.00%,73.22%,26.78%,,,,100.00%,,,
banks coronavirus,0.00%,100.00%,0.00%,,,,100.00%,,,
coronavirus,0.00%,100.00%,0.00%,,,,100.00%,,,
coronavirus banks,0.00%,100.00%,0.00%,,,,100.00%,,,
coronavirus support bank,0.00%,100.00%,0.00%,,,57.45%,,,42.55%,
coronavirus benefit finder,0.00%,100.00%,0.00%,,,,100.00%,,,
coronavirus tracker,0.00%,100.00%,0.00%,13000,$1.96 ,,100.00%,,,
coronavirus australia bank loan,0.00%,100.00%,0.00%,,,,,100.00%,,
coronavirus update,0.00%,100.00%,0.00%,,,,,100.00%,,
bank coronavirus,0.00%,100.00%,0.00%,,,,100.00%,,,
coronavirus support,0.00%,100.00%,0.00%,,,,,100.00%,,
credit cards during coronavirus,0.00%,100.00%,0.00%,,,,,100.00%,,
how to get help from bank coronavirus,0.00%,100.00%,0.00%,,,,100.00%,,,
mortgage delay coronavirus,0.00%,100.00%,0.00%,,,,100.00%,,,
coronavirus business loans,0.00%,100.00%,0.00%,,,,46.34%,53.66%,,
coronavirus australia,0.00%,100.00%,0.00%,855260,$0.81 ,,100.00%,,,
are banks still open coronavirus,0.00%,100.00%,0.00%,,,,100.00%,,,
credit card relief coronavirus,0.00%,100.00%,0.00%,,,,100.00%,,,
money support coronavirus,0.00%,100.00%,0.00%,,,,100.00%,,,
coronavirus news australia,0.00%,100.00%,0.00%,,,,,100.00%,,
250 000 loan unsecured coronavirus,0.00%,100.00%,0.00%,,,,100.00%,,,
festival shitdown coronavirus australia,0.00%,100.00%,0.00%,,,100.00%,,,,
investment loans coronavirus,0.00%,100.00%,0.00%,,,,50.91%,,49.09%,
credit card payments coronavirus australia,0.00%,100.00%,0.00%,,,,100.00%,,,
usa coronavirus payment,0.00%,0.00%,0.00%,,,0.00%,0.00%,0.00%,0.00%,0.00%
can you get early release of superannuation coronavirus from your bank the next day,0.00%,0.00%,0.00%,,,0.00%,0.00%,0.00%,0.00%,0.00%
coronavirus 6 months,0.00%,0.00%,0.00%,,,0.00%,0.00%,0.00%,0.00%,0.00%
super withdrawal coronavirus,0.00%,0.00%,0.00%,,,0.00%,0.00%,0.00%,0.00%,0.00%
coronavirus superannuation access,0.00%,0.00%,0.00%,,,0.00%,0.00%,0.00%,0.00%,0.00%